<?xml version="1.0" encoding="UTF-8"?>
<InfoGlueExport><contents xmlns:xsi="http://www.w3.org/2001/XMLSchema-instance" content-id="354" xsi:type="small-content-impl"><name>infoglue 3 components</name><publishDateTime>2013-07-28T02:11:00.000+02:00</publishDateTime><expireDateTime>2063-07-28T02:11:00.000+02:00</expireDateTime><isBranch>true</isBranch><isProtected>2</isProtected><contentTypeDefinitionId>8</contentTypeDefinitionId><repositoryId>3</repositoryId><creator>mattias</creator></contents><contents xmlns:xsi="http://www.w3.org/2001/XMLSchema-instance" content-id="355" xsi:type="small-content-impl"><name>Meta info folder</name><publishDateTime>2013-07-28T02:11:34.000+02:00</publishDateTime><expireDateTime>2063-07-28T02:11:34.000+02:00</expireDateTime><isBranch>true</isBranch><isProtected>2</isProtected><repositoryId>3</repositoryId><parentContentId>354</parentContentId><creator>mattias</creator></contents><contents xmlns:xsi="http://www.w3.org/2001/XMLSchema-instance" content-id="356" xsi:type="small-content-impl"><name>infoglue 3 components Metainfo</name><publishDateTime>2013-07-28T02:11:34.000+02:00</publishDateTime><expireDateTime>2063-07-28T02:11:34.000+02:00</expireDateTime><isBranch>false</isBranch><isProtected>2</isProtected><contentTypeDefinitionId>2</contentTypeDefinitionId><repositoryId>3</repositoryId><parentContentId>355</parentContentId><creator>mattias</creator></contents><contents xmlns:xsi="http://www.w3.org/2001/XMLSchema-instance" content-id="357" xsi:type="small-content-impl"><name>infoglue 3 components</name><publishDateTime>2013-07-28T10:53:04.000+02:00</publishDateTime><expireDateTime>2063-07-28T10:53:04.000+02:00</expireDateTime><isBranch>true</isBranch><isProtected>2</isProtected><repositoryId>3</repositoryId><parentContentId>355</parentContentId><creator>mattias</creator></contents><contents xmlns:xsi="http://www.w3.org/2001/XMLSchema-instance" content-id="358" xsi:type="small-content-impl"><name>CSS pages Metainfo</name><publishDateTime>2013-07-28T10:53:04.000+02:00</publishDateTime><expireDateTime>2063-07-28T10:53:04.000+02:00</expireDateTime><isBranch>false</isBranch><isProtected>2</isProtected><contentTypeDefinitionId>2</contentTypeDefinitionId><repositoryId>3</repositoryId><parentContentId>357</parentContentId><creator>mattias</creator></contents><contents xmlns:xsi="http://www.w3.org/2001/XMLSchema-instance" content-id="359" xsi:type="small-content-impl"><name>CSS pages Metainfo</name><publishDateTime>2013-07-28T10:55:18.000+02:00</publishDateTime><expireDateTime>2063-07-28T10:55:18.000+02:00</expireDateTime><isBranch>false</isBranch><isProtected>2</isProtected><contentTypeDefinitionId>2</contentTypeDefinitionId><repositoryId>3</repositoryId><parentContentId>357</parentContentId><creator>mattias</creator></contents><contents xmlns:xsi="http://www.w3.org/2001/XMLSchema-instance" content-id="360" xsi:type="small-content-impl"><name>CSS pages</name><publishDateTime>2013-07-28T10:56:47.000+02:00</publishDateTime><expireDateTime>2063-07-28T10:56:47.000+02:00</expireDateTime><isBranch>true</isBranch><isProtected>2</isProtected><repositoryId>3</repositoryId><parentContentId>357</parentContentId><creator>mattias</creator></contents><contents xmlns:xsi="http://www.w3.org/2001/XMLSchema-instance" content-id="361" xsi:type="small-content-impl"><name>Standard Theme CSS Page Metainfo</name><publishDateTime>2013-07-28T10:56:47.000+02:00</publishDateTime><expireDateTime>2063-07-28T10:56:47.000+02:00</expireDateTime><isBranch>false</isBranch><isProtected>2</isProtected><contentTypeDefinitionId>2</contentTypeDefinitionId><repositoryId>3</repositoryId><parentContentId>360</parentContentId><creator>mattias</creator></contents><contents xmlns:xsi="http://www.w3.org/2001/XMLSchema-instance" content-id="362" xsi:type="small-content-impl"><name>Standard Theme CSS Page Metainfo</name><publishDateTime>2013-07-28T10:57:44.000+02:00</publishDateTime><expireDateTime>2063-07-28T10:57:44.000+02:00</expireDateTime><isBranch>false</isBranch><isProtected>2</isProtected><contentTypeDefinitionId>2</contentTypeDefinitionId><repositoryId>3</repositoryId><parentContentId>360</parentContentId><creator>mattias</creator></contents><contents xmlns:xsi="http://www.w3.org/2001/XMLSchema-instance" content-id="363" xsi:type="small-content-impl"><name>CSS pages Metainfo</name><publishDateTime>2013-07-28T10:57:27.000+02:00</publishDateTime><expireDateTime>2063-07-28T10:57:27.000+02:00</expireDateTime><isBranch>false</isBranch><isProtected>2</isProtected><contentTypeDefinitionId>2</contentTypeDefinitionId><repositoryId>3</repositoryId><parentContentId>357</parentContentId><creator>mattias</creator></contents><contents xmlns:xsi="http://www.w3.org/2001/XMLSchema-instance" content-id="364" xsi:type="small-content-impl"><name>Components</name><publishDateTime>2013-07-28T02:26:00.000+02:00</publishDateTime><expireDateTime>2063-07-28T02:26:00.000+02:00</expireDateTime><isBranch>true</isBranch><isProtected>2</isProtected><contentTypeDefinitionId>8</contentTypeDefinitionId><repositoryId>3</repositoryId><parentContentId>354</parentContentId><creator>mattias</creator></contents><contents xmlns:xsi="http://www.w3.org/2001/XMLSchema-instance" content-id="365" xsi:type="small-content-impl"><name>Page components</name><publishDateTime>2013-07-28T02:26:00.000+02:00</publishDateTime><expireDateTime>2063-07-28T02:26:00.000+02:00</expireDateTime><isBranch>true</isBranch><isProtected>2</isProtected><contentTypeDefinitionId>8</contentTypeDefinitionId><repositoryId>3</repositoryId><parentContentId>364</parentContentId><creator>mattias</creator></contents><contents xmlns:xsi="http://www.w3.org/2001/XMLSchema-instance" content-id="366" xsi:type="small-content-impl"><name>IG 3 Common HTML Page</name><publishDateTime>2013-07-28T02:26:00.000+02:00</publishDateTime><expireDateTime>2063-07-28T02:26:00.000+02:00</expireDateTime><isBranch>false</isBranch><isProtected>2</isProtected><contentTypeDefinitionId>4</contentTypeDefinitionId><repositoryId>3</repositoryId><parentContentId>365</parentContentId><creator>mattias</creator></contents><contents xmlns:xsi="http://www.w3.org/2001/XMLSchema-instance" content-id="367" xsi:type="small-content-impl"><name>CSS components</name><publishDateTime>2013-07-28T02:53:00.000+02:00</publishDateTime><expireDateTime>2063-07-28T02:53:00.000+02:00</expireDateTime><isBranch>true</isBranch><isProtected>2</isProtected><contentTypeDefinitionId>8</contentTypeDefinitionId><repositoryId>3</repositoryId><parentContentId>364</parentContentId><creator>mattias</creator></contents><contents xmlns:xsi="http://www.w3.org/2001/XMLSchema-instance" content-id="368" xsi:type="small-content-impl"><name>Standard Theme CSS</name><publishDateTime>2013-07-28T02:53:00.000+02:00</publishDateTime><expireDateTime>2063-07-28T02:53:00.000+02:00</expireDateTime><isBranch>false</isBranch><isProtected>2</isProtected><contentTypeDefinitionId>4</contentTypeDefinitionId><repositoryId>3</repositoryId><parentContentId>367</parentContentId><creator>mattias</creator></contents><contents xmlns:xsi="http://www.w3.org/2001/XMLSchema-instance" content-id="369" xsi:type="small-content-impl"><name>Layout components</name><publishDateTime>2013-07-28T20:36:00.000+02:00</publishDateTime><expireDateTime>2063-07-28T20:36:00.000+02:00</expireDateTime><isBranch>true</isBranch><isProtected>2</isProtected><contentTypeDefinitionId>8</contentTypeDefinitionId><repositoryId>3</repositoryId><parentContentId>364</parentContentId><creator>mattias</creator></contents><contents xmlns:xsi="http://www.w3.org/2001/XMLSchema-instance" content-id="370" xsi:type="small-content-impl"><name>Navigation components</name><publishDateTime>2013-07-28T20:37:00.000+02:00</publishDateTime><expireDateTime>2063-07-28T20:37:00.000+02:00</expireDateTime><isBranch>true</isBranch><isProtected>2</isProtected><contentTypeDefinitionId>8</contentTypeDefinitionId><repositoryId>3</repositoryId><parentContentId>364</parentContentId><creator>mattias</creator></contents><contents xmlns:xsi="http://www.w3.org/2001/XMLSchema-instance" content-id="371" xsi:type="small-content-impl"><name>Left navigation</name><publishDateTime>2013-07-28T20:54:00.000+02:00</publishDateTime><expireDateTime>2063-07-28T20:54:00.000+02:00</expireDateTime><isBranch>false</isBranch><isProtected>2</isProtected><contentTypeDefinitionId>4</contentTypeDefinitionId><repositoryId>3</repositoryId><parentContentId>370</parentContentId><creator>administrator</creator></contents><contents xmlns:xsi="http://www.w3.org/2001/XMLSchema-instance" content-id="372" xsi:type="small-content-impl"><name>Top navigation</name><publishDateTime>2013-07-28T21:18:00.000+02:00</publishDateTime><expireDateTime>2063-07-28T21:18:00.000+02:00</expireDateTime><isBranch>false</isBranch><isProtected>2</isProtected><contentTypeDefinitionId>4</contentTypeDefinitionId><repositoryId>3</repositoryId><parentContentId>370</parentContentId><creator>mattias</creator></contents><contents xmlns:xsi="http://www.w3.org/2001/XMLSchema-instance" content-id="373" xsi:type="small-content-impl"><name>Breadcrumb</name><publishDateTime>2013-07-28T21:36:00.000+02:00</publishDateTime><expireDateTime>2063-07-28T21:36:00.000+02:00</expireDateTime><isBranch>false</isBranch><isProtected>2</isProtected><contentTypeDefinitionId>4</contentTypeDefinitionId><repositoryId>3</repositoryId><parentContentId>370</parentContentId><creator>mattias</creator></contents><contents xmlns:xsi="http://www.w3.org/2001/XMLSchema-instance" content-id="374" xsi:type="small-content-impl"><name>IG Document navigation component</name><publishDateTime>2010-05-07T16:37:00.000+02:00</publishDateTime><expireDateTime>2020-01-01T13:00:00.000+01:00</expireDateTime><isBranch>false</isBranch><isProtected>2</isProtected><contentTypeDefinitionId>4</contentTypeDefinitionId><repositoryId>3</repositoryId><parentContentId>370</parentContentId><creator>iona</creator></contents><contents xmlns:xsi="http://www.w3.org/2001/XMLSchema-instance" content-id="375" xsi:type="small-content-impl"><name>Infoglue Help Dispatcher</name><publishDateTime>2013-12-03T21:13:00.000+01:00</publishDateTime><expireDateTime>2063-12-03T21:13:00.000+01:00</expireDateTime><isBranch>false</isBranch><isProtected>2</isProtected><contentTypeDefinitionId>4</contentTypeDefinitionId><repositoryId>3</repositoryId><parentContentId>370</parentContentId><creator>stenbacka@gmail.com</creator></contents><contents xmlns:xsi="http://www.w3.org/2001/XMLSchema-instance" content-id="376" xsi:type="small-content-impl"><name>Search result</name><publishDateTime>2013-12-04T16:23:00.000+01:00</publishDateTime><expireDateTime>2063-12-04T16:23:00.000+01:00</expireDateTime><isBranch>false</isBranch><isProtected>2</isProtected><contentTypeDefinitionId>4</contentTypeDefinitionId><repositoryId>3</repositoryId><parentContentId>370</parentContentId><creator>mattias</creator></contents><contents xmlns:xsi="http://www.w3.org/2001/XMLSchema-instance" content-id="377" xsi:type="small-content-impl"><name>Slider components</name><publishDateTime>2013-07-28T20:37:00.000+02:00</publishDateTime><expireDateTime>2063-07-28T20:37:00.000+02:00</expireDateTime><isBranch>true</isBranch><isProtected>2</isProtected><contentTypeDefinitionId>8</contentTypeDefinitionId><repositoryId>3</repositoryId><parentContentId>364</parentContentId><creator>mattias</creator></contents><contents xmlns:xsi="http://www.w3.org/2001/XMLSchema-instance" content-id="378" xsi:type="small-content-impl"><name>Slider (caroufredsel)</name><publishDateTime>2013-07-28T20:38:00.000+02:00</publishDateTime><expireDateTime>2063-07-28T20:38:00.000+02:00</expireDateTime><isBranch>false</isBranch><isProtected>2</isProtected><contentTypeDefinitionId>4</contentTypeDefinitionId><repositoryId>3</repositoryId><parentContentId>377</parentContentId><creator>mattias</creator></contents><contents xmlns:xsi="http://www.w3.org/2001/XMLSchema-instance" content-id="379" xsi:type="small-content-impl"><name>Mashup components</name><publishDateTime>2013-07-28T20:37:00.000+02:00</publishDateTime><expireDateTime>2063-07-28T20:37:00.000+02:00</expireDateTime><isBranch>true</isBranch><isProtected>2</isProtected><contentTypeDefinitionId>8</contentTypeDefinitionId><repositoryId>3</repositoryId><parentContentId>364</parentContentId><creator>mattias</creator></contents><contents xmlns:xsi="http://www.w3.org/2001/XMLSchema-instance" content-id="380" xsi:type="small-content-impl"><name>Github commit history</name><publishDateTime>2013-07-28T20:57:00.000+02:00</publishDateTime><expireDateTime>2063-07-28T20:57:00.000+02:00</expireDateTime><isBranch>false</isBranch><isProtected>2</isProtected><contentTypeDefinitionId>4</contentTypeDefinitionId><repositoryId>3</repositoryId><parentContentId>379</parentContentId><creator>mattias</creator></contents><contents xmlns:xsi="http://www.w3.org/2001/XMLSchema-instance" content-id="381" xsi:type="small-content-impl"><name>FluxBB latest posts</name><publishDateTime>2013-07-31T01:32:00.000+02:00</publishDateTime><expireDateTime>2063-07-31T01:32:00.000+02:00</expireDateTime><isBranch>false</isBranch><isProtected>2</isProtected><contentTypeDefinitionId>4</contentTypeDefinitionId><repositoryId>3</repositoryId><parentContentId>379</parentContentId><creator>mattias</creator></contents><contents xmlns:xsi="http://www.w3.org/2001/XMLSchema-instance" content-id="382" xsi:type="small-content-impl"><name>Content components</name><publishDateTime>2013-07-28T20:44:00.000+02:00</publishDateTime><expireDateTime>2063-07-28T20:44:00.000+02:00</expireDateTime><isBranch>true</isBranch><isProtected>2</isProtected><contentTypeDefinitionId>8</contentTypeDefinitionId><repositoryId>3</repositoryId><parentContentId>364</parentContentId><creator>mattias</creator></contents><contents xmlns:xsi="http://www.w3.org/2001/XMLSchema-instance" content-id="383" xsi:type="small-content-impl"><name>Article</name><publishDateTime>2013-07-28T20:44:00.000+02:00</publishDateTime><expireDateTime>2063-07-28T20:44:00.000+02:00</expireDateTime><isBranch>false</isBranch><isProtected>2</isProtected><contentTypeDefinitionId>4</contentTypeDefinitionId><repositoryId>3</repositoryId><parentContentId>382</parentContentId><creator>mattias</creator></contents><contents xmlns:xsi="http://www.w3.org/2001/XMLSchema-instance" content-id="384" xsi:type="small-content-impl"><name>Showcases</name><publishDateTime>2013-07-28T20:52:00.000+02:00</publishDateTime><expireDateTime>2063-07-28T20:52:00.000+02:00</expireDateTime><isBranch>false</isBranch><isProtected>2</isProtected><contentTypeDefinitionId>4</contentTypeDefinitionId><repositoryId>3</repositoryId><parentContentId>382</parentContentId><creator>mattias</creator></contents><contents xmlns:xsi="http://www.w3.org/2001/XMLSchema-instance" content-id="385" xsi:type="small-content-impl"><name>News listing</name><publishDateTime>2013-07-28T20:57:00.000+02:00</publishDateTime><expireDateTime>2063-07-28T20:57:00.000+02:00</expireDateTime><isBranch>false</isBranch><isProtected>2</isProtected><contentTypeDefinitionId>4</contentTypeDefinitionId><repositoryId>3</repositoryId><parentContentId>382</parentContentId><creator>mattias</creator></contents><contents xmlns:xsi="http://www.w3.org/2001/XMLSchema-instance" content-id="386" xsi:type="small-content-impl"><name>Article page IG3</name><publishDateTime>2013-08-02T23:10:00.000+02:00</publishDateTime><expireDateTime>2063-08-02T23:10:00.000+02:00</expireDateTime><isBranch>false</isBranch><isProtected>2</isProtected><contentTypeDefinitionId>7</contentTypeDefinitionId><repositoryId>3</repositoryId><parentContentId>354</parentContentId><creator>administrator</creator></contents></InfoGlueExport>