<?xml version="1.0" encoding="UTF-8"?>
<InfoGlueExport><site-node-versions site-node-version-id="94"><stateId>0</stateId><versionNumber>1</versionNumber><modifiedDateTime>2013-12-01T21:46:52.000+01:00</modifiedDateTime><versionComment>First version</versionComment><isCheckedOut>false</isCheckedOut><isActive>true</isActive><isProtected>2</isProtected><disablePageCache>2</disablePageCache><disableEditOnSight>2</disableEditOnSight><disableLanguages>2</disableLanguages><contentType>text/html</contentType><siteNodeId>33</siteNodeId><versionModifier>administrator</versionModifier></site-node-versions><site-node-versions site-node-version-id="95"><stateId>3</stateId><versionNumber>1</versionNumber><modifiedDateTime>2013-12-01T23:53:09.000+01:00</modifiedDateTime><versionComment>First version</versionComment><isCheckedOut>false</isCheckedOut><isActive>true</isActive><isProtected>2</isProtected><disablePageCache>2</disablePageCache><disableEditOnSight>2</disableEditOnSight><disableLanguages>2</disableLanguages><contentType>text/html</contentType><siteNodeId>33</siteNodeId><versionModifier>mattias</versionModifier></site-node-versions><site-node-versions site-node-version-id="96"><stateId>0</stateId><versionNumber>1</versionNumber><modifiedDateTime>2013-12-01T21:46:04.000+01:00</modifiedDateTime><versionComment>First version</versionComment><isCheckedOut>false</isCheckedOut><isActive>true</isActive><isProtected>2</isProtected><disablePageCache>2</disablePageCache><disableEditOnSight>2</disableEditOnSight><disableLanguages>2</disableLanguages><contentType>text/html</contentType><siteNodeId>34</siteNodeId><versionModifier>administrator</versionModifier></site-node-versions><site-node-versions site-node-version-id="97"><stateId>3</stateId><versionNumber>1</versionNumber><modifiedDateTime>2013-12-01T23:53:09.000+01:00</modifiedDateTime><versionComment>First version</versionComment><isCheckedOut>false</isCheckedOut><isActive>true</isActive><isProtected>2</isProtected><disablePageCache>2</disablePageCache><disableEditOnSight>2</disableEditOnSight><disableLanguages>2</disableLanguages><contentType>text/html</contentType><siteNodeId>34</siteNodeId><versionModifier>mattias</versionModifier></site-node-versions><site-node-versions site-node-version-id="98"><stateId>0</stateId><versionNumber>1</versionNumber><modifiedDateTime>2013-12-01T21:46:04.000+01:00</modifiedDateTime><versionComment>First version</versionComment><isCheckedOut>false</isCheckedOut><isActive>true</isActive><isProtected>2</isProtected><disablePageCache>2</disablePageCache><disableEditOnSight>1</disableEditOnSight><disableLanguages>2</disableLanguages><contentType>text/css</contentType><siteNodeId>35</siteNodeId><versionModifier>administrator</versionModifier></site-node-versions><site-node-versions site-node-version-id="99"><stateId>3</stateId><versionNumber>1</versionNumber><modifiedDateTime>2013-12-01T23:53:09.000+01:00</modifiedDateTime><versionComment>First version</versionComment><isCheckedOut>false</isCheckedOut><isActive>true</isActive><isProtected>2</isProtected><disablePageCache>2</disablePageCache><disableEditOnSight>1</disableEditOnSight><disableLanguages>2</disableLanguages><contentType>text/css</contentType><siteNodeId>35</siteNodeId><versionModifier>mattias</versionModifier></site-node-versions></InfoGlueExport>