<?xml version="1.0" encoding="UTF-8"?>
<InfoGlueExport><site-node-versions site-node-version-id="1"><stateId>0</stateId><versionNumber>1</versionNumber><modifiedDateTime>2013-12-01T21:34:52.000+01:00</modifiedDateTime><versionComment>Before release</versionComment><isCheckedOut>false</isCheckedOut><isActive>true</isActive><isProtected>2</isProtected><disablePageCache>2</disablePageCache><disableEditOnSight>2</disableEditOnSight><disableLanguages>2</disableLanguages><contentType>text/html</contentType><siteNodeId>1</siteNodeId><versionModifier>administrator</versionModifier></site-node-versions><site-node-versions site-node-version-id="2"><stateId>3</stateId><versionNumber>1</versionNumber><modifiedDateTime>2013-12-01T23:54:56.000+01:00</modifiedDateTime><versionComment>Before release</versionComment><isCheckedOut>false</isCheckedOut><isActive>true</isActive><isProtected>2</isProtected><disablePageCache>2</disablePageCache><disableEditOnSight>2</disableEditOnSight><disableLanguages>2</disableLanguages><contentType>text/html</contentType><siteNodeId>1</siteNodeId><versionModifier>mattias</versionModifier></site-node-versions><site-node-versions site-node-version-id="3"><stateId>0</stateId><versionNumber>1</versionNumber><modifiedDateTime>2013-12-02T10:40:41.000+01:00</modifiedDateTime><versionComment>Changed layout a bit</versionComment><isCheckedOut>false</isCheckedOut><isActive>true</isActive><isProtected>2</isProtected><disablePageCache>2</disablePageCache><disableEditOnSight>2</disableEditOnSight><disableLanguages>2</disableLanguages><contentType>text/html</contentType><siteNodeId>1</siteNodeId><versionModifier>mattias</versionModifier></site-node-versions><site-node-versions site-node-version-id="4"><stateId>3</stateId><versionNumber>1</versionNumber><modifiedDateTime>2013-12-02T10:49:15.000+01:00</modifiedDateTime><versionComment>Changed layout a bit</versionComment><isCheckedOut>false</isCheckedOut><isActive>true</isActive><isProtected>2</isProtected><disablePageCache>2</disablePageCache><disableEditOnSight>2</disableEditOnSight><disableLanguages>2</disableLanguages><contentType>text/html</contentType><siteNodeId>1</siteNodeId><versionModifier>mattias</versionModifier></site-node-versions><site-node-versions site-node-version-id="5"><stateId>0</stateId><versionNumber>1</versionNumber><modifiedDateTime>2013-12-02T21:15:39.000+01:00</modifiedDateTime><versionComment>Små mods</versionComment><isCheckedOut>false</isCheckedOut><isActive>true</isActive><isProtected>2</isProtected><disablePageCache>2</disablePageCache><disableEditOnSight>2</disableEditOnSight><disableLanguages>2</disableLanguages><contentType>text/html</contentType><siteNodeId>1</siteNodeId><versionModifier>mattias</versionModifier></site-node-versions><site-node-versions site-node-version-id="6"><stateId>3</stateId><versionNumber>1</versionNumber><modifiedDateTime>2013-12-02T23:48:34.000+01:00</modifiedDateTime><versionComment>Små mods</versionComment><isCheckedOut>false</isCheckedOut><isActive>true</isActive><isProtected>2</isProtected><disablePageCache>2</disablePageCache><disableEditOnSight>2</disableEditOnSight><disableLanguages>2</disableLanguages><contentType>text/html</contentType><siteNodeId>1</siteNodeId><versionModifier>mattias</versionModifier></site-node-versions><site-node-versions site-node-version-id="7"><stateId>0</stateId><versionNumber>1</versionNumber><modifiedDateTime>2013-12-04T16:27:34.000+01:00</modifiedDateTime><versionComment>New working version</versionComment><isCheckedOut>false</isCheckedOut><isActive>true</isActive><isProtected>2</isProtected><disablePageCache>2</disablePageCache><disableEditOnSight>2</disableEditOnSight><disableLanguages>2</disableLanguages><contentType>text/html</contentType><siteNodeId>1</siteNodeId><versionModifier>mattias</versionModifier></site-node-versions><site-node-versions site-node-version-id="8"><stateId>3</stateId><versionNumber>1</versionNumber><modifiedDateTime>2013-12-04T16:29:38.000+01:00</modifiedDateTime><versionComment>No comment</versionComment><isCheckedOut>false</isCheckedOut><isActive>true</isActive><isProtected>2</isProtected><disablePageCache>2</disablePageCache><disableEditOnSight>2</disableEditOnSight><disableLanguages>2</disableLanguages><contentType>text/html</contentType><siteNodeId>1</siteNodeId><versionModifier>mattias</versionModifier></site-node-versions><site-node-versions site-node-version-id="9"><stateId>0</stateId><versionNumber>1</versionNumber><modifiedDateTime>2013-12-08T22:49:28.000+01:00</modifiedDateTime><versionComment>New working version</versionComment><isCheckedOut>false</isCheckedOut><isActive>true</isActive><isProtected>2</isProtected><disablePageCache>2</disablePageCache><disableEditOnSight>2</disableEditOnSight><disableLanguages>2</disableLanguages><contentType>text/html</contentType><siteNodeId>1</siteNodeId><versionModifier>stenbacka@gmail.com</versionModifier></site-node-versions><site-node-versions site-node-version-id="10"><stateId>3</stateId><versionNumber>1</versionNumber><modifiedDateTime>2013-12-08T23:38:21.000+01:00</modifiedDateTime><versionComment>No comment</versionComment><isCheckedOut>false</isCheckedOut><isActive>true</isActive><isProtected>2</isProtected><disablePageCache>2</disablePageCache><disableEditOnSight>2</disableEditOnSight><disableLanguages>2</disableLanguages><contentType>text/html</contentType><siteNodeId>1</siteNodeId><versionModifier>stenbacka@gmail.com</versionModifier></site-node-versions><site-node-versions site-node-version-id="11"><stateId>0</stateId><versionNumber>1</versionNumber><modifiedDateTime>2013-12-01T23:43:53.000+01:00</modifiedDateTime><versionComment>Before release</versionComment><isCheckedOut>false</isCheckedOut><isActive>true</isActive><isProtected>2</isProtected><disablePageCache>2</disablePageCache><disableEditOnSight>2</disableEditOnSight><disableLanguages>2</disableLanguages><contentType>text/html</contentType><siteNodeId>2</siteNodeId><versionModifier>mattias</versionModifier></site-node-versions><site-node-versions site-node-version-id="12"><stateId>3</stateId><versionNumber>1</versionNumber><modifiedDateTime>2013-12-01T23:54:56.000+01:00</modifiedDateTime><versionComment>Before release</versionComment><isCheckedOut>false</isCheckedOut><isActive>true</isActive><isProtected>2</isProtected><disablePageCache>2</disablePageCache><disableEditOnSight>2</disableEditOnSight><disableLanguages>2</disableLanguages><contentType>text/html</contentType><siteNodeId>2</siteNodeId><versionModifier>mattias</versionModifier></site-node-versions><site-node-versions site-node-version-id="13"><stateId>0</stateId><versionNumber>1</versionNumber><modifiedDateTime>2013-11-20T22:05:36.000+01:00</modifiedDateTime><versionComment>Before release</versionComment><isCheckedOut>false</isCheckedOut><isActive>true</isActive><isProtected>2</isProtected><disablePageCache>2</disablePageCache><disableEditOnSight>2</disableEditOnSight><disableLanguages>2</disableLanguages><contentType>text/html</contentType><siteNodeId>3</siteNodeId><versionModifier>administrator</versionModifier></site-node-versions><site-node-versions site-node-version-id="14"><stateId>3</stateId><versionNumber>1</versionNumber><modifiedDateTime>2013-12-01T23:54:55.000+01:00</modifiedDateTime><versionComment>Before release</versionComment><isCheckedOut>false</isCheckedOut><isActive>true</isActive><isProtected>2</isProtected><disablePageCache>2</disablePageCache><disableEditOnSight>2</disableEditOnSight><disableLanguages>2</disableLanguages><contentType>text/html</contentType><siteNodeId>3</siteNodeId><versionModifier>mattias</versionModifier></site-node-versions><site-node-versions site-node-version-id="15"><stateId>0</stateId><versionNumber>1</versionNumber><modifiedDateTime>2013-12-01T23:45:44.000+01:00</modifiedDateTime><versionComment>Before release</versionComment><isCheckedOut>false</isCheckedOut><isActive>true</isActive><isProtected>2</isProtected><disablePageCache>2</disablePageCache><disableEditOnSight>2</disableEditOnSight><disableLanguages>2</disableLanguages><contentType>text/html</contentType><siteNodeId>4</siteNodeId><versionModifier>mattias</versionModifier></site-node-versions><site-node-versions site-node-version-id="16"><stateId>3</stateId><versionNumber>1</versionNumber><modifiedDateTime>2013-12-01T23:54:56.000+01:00</modifiedDateTime><versionComment>Before release</versionComment><isCheckedOut>false</isCheckedOut><isActive>true</isActive><isProtected>2</isProtected><disablePageCache>2</disablePageCache><disableEditOnSight>2</disableEditOnSight><disableLanguages>2</disableLanguages><contentType>text/html</contentType><siteNodeId>4</siteNodeId><versionModifier>mattias</versionModifier></site-node-versions><site-node-versions site-node-version-id="17"><stateId>3</stateId><versionNumber>1</versionNumber><modifiedDateTime>2013-11-20T22:05:36.000+01:00</modifiedDateTime><versionComment>ewfwef</versionComment><isCheckedOut>false</isCheckedOut><isActive>true</isActive><isProtected>2</isProtected><disablePageCache>2</disablePageCache><disableEditOnSight>2</disableEditOnSight><disableLanguages>2</disableLanguages><contentType>text/html</contentType><siteNodeId>5</siteNodeId><versionModifier>administrator</versionModifier></site-node-versions><site-node-versions site-node-version-id="18"><stateId>0</stateId><versionNumber>1</versionNumber><modifiedDateTime>2013-11-26T10:09:06.000+01:00</modifiedDateTime><versionComment>Before release</versionComment><isCheckedOut>false</isCheckedOut><isActive>true</isActive><isProtected>2</isProtected><disablePageCache>2</disablePageCache><disableEditOnSight>2</disableEditOnSight><disableLanguages>2</disableLanguages><contentType>text/html</contentType><siteNodeId>5</siteNodeId><versionModifier>administrator</versionModifier></site-node-versions><site-node-versions site-node-version-id="19"><stateId>3</stateId><versionNumber>1</versionNumber><modifiedDateTime>2013-12-01T23:54:56.000+01:00</modifiedDateTime><versionComment>Before release</versionComment><isCheckedOut>false</isCheckedOut><isActive>true</isActive><isProtected>2</isProtected><disablePageCache>2</disablePageCache><disableEditOnSight>2</disableEditOnSight><disableLanguages>2</disableLanguages><contentType>text/html</contentType><siteNodeId>5</siteNodeId><versionModifier>mattias</versionModifier></site-node-versions><site-node-versions site-node-version-id="20"><stateId>0</stateId><versionNumber>1</versionNumber><modifiedDateTime>2013-12-01T23:41:13.000+01:00</modifiedDateTime><versionComment>Before release</versionComment><isCheckedOut>false</isCheckedOut><isActive>true</isActive><isProtected>2</isProtected><disablePageCache>2</disablePageCache><disableEditOnSight>2</disableEditOnSight><disableLanguages>2</disableLanguages><contentType>text/html</contentType><siteNodeId>6</siteNodeId><versionModifier>mattias</versionModifier></site-node-versions><site-node-versions site-node-version-id="21"><stateId>3</stateId><versionNumber>1</versionNumber><modifiedDateTime>2013-12-01T23:54:55.000+01:00</modifiedDateTime><versionComment>Before release</versionComment><isCheckedOut>false</isCheckedOut><isActive>true</isActive><isProtected>2</isProtected><disablePageCache>2</disablePageCache><disableEditOnSight>2</disableEditOnSight><disableLanguages>2</disableLanguages><contentType>text/html</contentType><siteNodeId>6</siteNodeId><versionModifier>mattias</versionModifier></site-node-versions><site-node-versions site-node-version-id="22"><stateId>0</stateId><versionNumber>1</versionNumber><modifiedDateTime>2013-12-08T23:24:05.000+01:00</modifiedDateTime><versionComment>Changed hidden</versionComment><isCheckedOut>false</isCheckedOut><isActive>true</isActive><isProtected>2</isProtected><disablePageCache>2</disablePageCache><disableEditOnSight>2</disableEditOnSight><disableLanguages>2</disableLanguages><contentType>text/html</contentType><siteNodeId>7</siteNodeId><versionModifier>stenbacka@gmail.com</versionModifier></site-node-versions><site-node-versions site-node-version-id="23"><stateId>3</stateId><versionNumber>1</versionNumber><modifiedDateTime>2013-12-08T23:38:21.000+01:00</modifiedDateTime><versionComment>No comment</versionComment><isCheckedOut>false</isCheckedOut><isActive>true</isActive><isProtected>2</isProtected><disablePageCache>2</disablePageCache><disableEditOnSight>2</disableEditOnSight><disableLanguages>2</disableLanguages><contentType>text/html</contentType><siteNodeId>7</siteNodeId><versionModifier>stenbacka@gmail.com</versionModifier></site-node-versions><site-node-versions site-node-version-id="24"><stateId>3</stateId><versionNumber>1</versionNumber><modifiedDateTime>2011-07-13T13:10:43.000+02:00</modifiedDateTime><versionComment>ssssss</versionComment><isCheckedOut>false</isCheckedOut><isActive>true</isActive><isProtected>2</isProtected><disablePageCache>2</disablePageCache><disableEditOnSight>2</disableEditOnSight><disableLanguages>2</disableLanguages><contentType>text/html</contentType><siteNodeId>8</siteNodeId><versionModifier>iona</versionModifier></site-node-versions><site-node-versions site-node-version-id="25"><stateId>0</stateId><versionNumber>1</versionNumber><modifiedDateTime>2013-12-01T23:41:57.000+01:00</modifiedDateTime><versionComment>Before release</versionComment><isCheckedOut>false</isCheckedOut><isActive>true</isActive><isProtected>2</isProtected><disablePageCache>2</disablePageCache><disableEditOnSight>2</disableEditOnSight><disableLanguages>2</disableLanguages><contentType>text/html</contentType><siteNodeId>8</siteNodeId><versionModifier>mattias</versionModifier></site-node-versions><site-node-versions site-node-version-id="26"><stateId>3</stateId><versionNumber>1</versionNumber><modifiedDateTime>2013-12-01T23:54:55.000+01:00</modifiedDateTime><versionComment>Before release</versionComment><isCheckedOut>false</isCheckedOut><isActive>true</isActive><isProtected>2</isProtected><disablePageCache>2</disablePageCache><disableEditOnSight>2</disableEditOnSight><disableLanguages>2</disableLanguages><contentType>text/html</contentType><siteNodeId>8</siteNodeId><versionModifier>mattias</versionModifier></site-node-versions><site-node-versions site-node-version-id="27"><stateId>3</stateId><versionNumber>1</versionNumber><modifiedDateTime>2011-07-13T13:10:43.000+02:00</modifiedDateTime><versionComment>ssssss</versionComment><isCheckedOut>false</isCheckedOut><isActive>true</isActive><isProtected>2</isProtected><disablePageCache>2</disablePageCache><disableEditOnSight>2</disableEditOnSight><disableLanguages>2</disableLanguages><contentType>text/html</contentType><siteNodeId>9</siteNodeId><versionModifier>iona</versionModifier></site-node-versions><site-node-versions site-node-version-id="28"><stateId>0</stateId><versionNumber>1</versionNumber><modifiedDateTime>2013-12-01T23:41:39.000+01:00</modifiedDateTime><versionComment>Before release</versionComment><isCheckedOut>false</isCheckedOut><isActive>true</isActive><isProtected>2</isProtected><disablePageCache>2</disablePageCache><disableEditOnSight>2</disableEditOnSight><disableLanguages>2</disableLanguages><contentType>text/html</contentType><siteNodeId>9</siteNodeId><versionModifier>mattias</versionModifier></site-node-versions><site-node-versions site-node-version-id="29"><stateId>3</stateId><versionNumber>1</versionNumber><modifiedDateTime>2013-12-02T13:36:07.000+01:00</modifiedDateTime><versionComment>Before release</versionComment><isCheckedOut>false</isCheckedOut><isActive>true</isActive><isProtected>2</isProtected><disablePageCache>2</disablePageCache><disableEditOnSight>2</disableEditOnSight><disableLanguages>2</disableLanguages><contentType>text/html</contentType><siteNodeId>9</siteNodeId><versionModifier>mattias</versionModifier></site-node-versions><site-node-versions site-node-version-id="30"><stateId>0</stateId><versionNumber>1</versionNumber><modifiedDateTime>2013-12-02T13:36:07.000+01:00</modifiedDateTime><versionComment>Små mods</versionComment><isCheckedOut>false</isCheckedOut><isActive>true</isActive><isProtected>2</isProtected><disablePageCache>2</disablePageCache><disableEditOnSight>2</disableEditOnSight><disableLanguages>2</disableLanguages><contentType>text/html</contentType><siteNodeId>9</siteNodeId><versionModifier>mattias</versionModifier></site-node-versions><site-node-versions site-node-version-id="31"><stateId>3</stateId><versionNumber>1</versionNumber><modifiedDateTime>2013-12-02T23:48:34.000+01:00</modifiedDateTime><versionComment>Små mods</versionComment><isCheckedOut>false</isCheckedOut><isActive>true</isActive><isProtected>2</isProtected><disablePageCache>2</disablePageCache><disableEditOnSight>2</disableEditOnSight><disableLanguages>2</disableLanguages><contentType>text/html</contentType><siteNodeId>9</siteNodeId><versionModifier>mattias</versionModifier></site-node-versions><site-node-versions site-node-version-id="32"><stateId>0</stateId><versionNumber>1</versionNumber><modifiedDateTime>2013-12-01T23:34:54.000+01:00</modifiedDateTime><versionComment>Before release</versionComment><isCheckedOut>false</isCheckedOut><isActive>true</isActive><isProtected>2</isProtected><disablePageCache>2</disablePageCache><disableEditOnSight>2</disableEditOnSight><disableLanguages>2</disableLanguages><contentType>text/html</contentType><siteNodeId>10</siteNodeId><versionModifier>mattias</versionModifier></site-node-versions><site-node-versions site-node-version-id="33"><stateId>3</stateId><versionNumber>1</versionNumber><modifiedDateTime>2013-12-02T13:36:58.000+01:00</modifiedDateTime><versionComment>Before release</versionComment><isCheckedOut>false</isCheckedOut><isActive>true</isActive><isProtected>2</isProtected><disablePageCache>2</disablePageCache><disableEditOnSight>2</disableEditOnSight><disableLanguages>2</disableLanguages><contentType>text/html</contentType><siteNodeId>10</siteNodeId><versionModifier>mattias</versionModifier></site-node-versions><site-node-versions site-node-version-id="34"><stateId>0</stateId><versionNumber>1</versionNumber><modifiedDateTime>2013-12-02T13:36:58.000+01:00</modifiedDateTime><versionComment>Små mods</versionComment><isCheckedOut>false</isCheckedOut><isActive>true</isActive><isProtected>2</isProtected><disablePageCache>2</disablePageCache><disableEditOnSight>2</disableEditOnSight><disableLanguages>2</disableLanguages><contentType>text/html</contentType><siteNodeId>10</siteNodeId><versionModifier>mattias</versionModifier></site-node-versions><site-node-versions site-node-version-id="35"><stateId>3</stateId><versionNumber>1</versionNumber><modifiedDateTime>2013-12-02T23:48:34.000+01:00</modifiedDateTime><versionComment>Små mods</versionComment><isCheckedOut>false</isCheckedOut><isActive>true</isActive><isProtected>2</isProtected><disablePageCache>2</disablePageCache><disableEditOnSight>2</disableEditOnSight><disableLanguages>2</disableLanguages><contentType>text/html</contentType><siteNodeId>10</siteNodeId><versionModifier>mattias</versionModifier></site-node-versions><site-node-versions site-node-version-id="36"><stateId>0</stateId><versionNumber>1</versionNumber><modifiedDateTime>2013-12-01T23:35:33.000+01:00</modifiedDateTime><versionComment>Before release</versionComment><isCheckedOut>false</isCheckedOut><isActive>true</isActive><isProtected>2</isProtected><disablePageCache>2</disablePageCache><disableEditOnSight>2</disableEditOnSight><disableLanguages>2</disableLanguages><contentType>text/html</contentType><siteNodeId>11</siteNodeId><versionModifier>mattias</versionModifier></site-node-versions><site-node-versions site-node-version-id="37"><stateId>3</stateId><versionNumber>1</versionNumber><modifiedDateTime>2013-12-02T13:37:28.000+01:00</modifiedDateTime><versionComment>Before release</versionComment><isCheckedOut>false</isCheckedOut><isActive>true</isActive><isProtected>2</isProtected><disablePageCache>2</disablePageCache><disableEditOnSight>2</disableEditOnSight><disableLanguages>2</disableLanguages><contentType>text/html</contentType><siteNodeId>11</siteNodeId><versionModifier>mattias</versionModifier></site-node-versions><site-node-versions site-node-version-id="38"><stateId>0</stateId><versionNumber>1</versionNumber><modifiedDateTime>2013-12-02T13:37:28.000+01:00</modifiedDateTime><versionComment>Små mods</versionComment><isCheckedOut>false</isCheckedOut><isActive>true</isActive><isProtected>2</isProtected><disablePageCache>2</disablePageCache><disableEditOnSight>2</disableEditOnSight><disableLanguages>2</disableLanguages><contentType>text/html</contentType><siteNodeId>11</siteNodeId><versionModifier>mattias</versionModifier></site-node-versions><site-node-versions site-node-version-id="39"><stateId>3</stateId><versionNumber>1</versionNumber><modifiedDateTime>2013-12-02T23:48:34.000+01:00</modifiedDateTime><versionComment>Små mods</versionComment><isCheckedOut>false</isCheckedOut><isActive>true</isActive><isProtected>2</isProtected><disablePageCache>2</disablePageCache><disableEditOnSight>2</disableEditOnSight><disableLanguages>2</disableLanguages><contentType>text/html</contentType><siteNodeId>11</siteNodeId><versionModifier>mattias</versionModifier></site-node-versions><site-node-versions site-node-version-id="40"><stateId>0</stateId><versionNumber>1</versionNumber><modifiedDateTime>2013-11-20T22:05:37.000+01:00</modifiedDateTime><versionComment>Before release</versionComment><isCheckedOut>false</isCheckedOut><isActive>true</isActive><isProtected>2</isProtected><disablePageCache>2</disablePageCache><disableEditOnSight>2</disableEditOnSight><disableLanguages>2</disableLanguages><contentType>text/html</contentType><siteNodeId>12</siteNodeId><versionModifier>administrator</versionModifier></site-node-versions><site-node-versions site-node-version-id="41"><stateId>3</stateId><versionNumber>1</versionNumber><modifiedDateTime>2013-12-01T23:54:55.000+01:00</modifiedDateTime><versionComment>Before release</versionComment><isCheckedOut>false</isCheckedOut><isActive>true</isActive><isProtected>2</isProtected><disablePageCache>2</disablePageCache><disableEditOnSight>2</disableEditOnSight><disableLanguages>2</disableLanguages><contentType>text/html</contentType><siteNodeId>12</siteNodeId><versionModifier>mattias</versionModifier></site-node-versions><site-node-versions site-node-version-id="42"><stateId>3</stateId><versionNumber>1</versionNumber><modifiedDateTime>2013-11-20T22:05:37.000+01:00</modifiedDateTime><versionComment>Initial version</versionComment><isCheckedOut>false</isCheckedOut><isActive>true</isActive><isProtected>2</isProtected><disablePageCache>2</disablePageCache><disableEditOnSight>2</disableEditOnSight><disableLanguages>2</disableLanguages><contentType>text/html</contentType><siteNodeId>13</siteNodeId><versionModifier>administrator</versionModifier></site-node-versions><site-node-versions site-node-version-id="43"><stateId>3</stateId><versionNumber>1</versionNumber><modifiedDateTime>2013-11-29T00:18:59.000+01:00</modifiedDateTime><versionComment>New working version</versionComment><isCheckedOut>false</isCheckedOut><isActive>true</isActive><isProtected>2</isProtected><disablePageCache>2</disablePageCache><disableEditOnSight>2</disableEditOnSight><disableLanguages>2</disableLanguages><contentType>text/html</contentType><siteNodeId>13</siteNodeId><versionModifier>administrator</versionModifier></site-node-versions><site-node-versions site-node-version-id="44"><stateId>3</stateId><versionNumber>1</versionNumber><modifiedDateTime>2013-11-29T00:23:29.000+01:00</modifiedDateTime><versionComment>New working version</versionComment><isCheckedOut>false</isCheckedOut><isActive>true</isActive><isProtected>2</isProtected><disablePageCache>2</disablePageCache><disableEditOnSight>2</disableEditOnSight><disableLanguages>2</disableLanguages><contentType>text/html</contentType><siteNodeId>13</siteNodeId><versionModifier>administrator</versionModifier></site-node-versions><site-node-versions site-node-version-id="45"><stateId>3</stateId><versionNumber>1</versionNumber><modifiedDateTime>2013-11-30T23:30:39.000+01:00</modifiedDateTime><versionComment>My coffe machines are nice</versionComment><isCheckedOut>false</isCheckedOut><isActive>true</isActive><isProtected>2</isProtected><disablePageCache>2</disablePageCache><disableEditOnSight>2</disableEditOnSight><disableLanguages>2</disableLanguages><contentType>text/html</contentType><siteNodeId>13</siteNodeId><versionModifier>administrator</versionModifier></site-node-versions><site-node-versions site-node-version-id="46"><stateId>3</stateId><versionNumber>1</versionNumber><modifiedDateTime>2013-11-30T23:43:05.000+01:00</modifiedDateTime><versionComment>New version</versionComment><isCheckedOut>false</isCheckedOut><isActive>true</isActive><isProtected>2</isProtected><disablePageCache>2</disablePageCache><disableEditOnSight>2</disableEditOnSight><disableLanguages>2</disableLanguages><contentType>text/html</contentType><siteNodeId>13</siteNodeId><versionModifier>administrator</versionModifier></site-node-versions><site-node-versions site-node-version-id="47"><stateId>0</stateId><versionNumber>1</versionNumber><modifiedDateTime>2013-12-01T23:27:04.000+01:00</modifiedDateTime><versionComment>Before release</versionComment><isCheckedOut>false</isCheckedOut><isActive>true</isActive><isProtected>2</isProtected><disablePageCache>2</disablePageCache><disableEditOnSight>2</disableEditOnSight><disableLanguages>2</disableLanguages><contentType>text/html</contentType><siteNodeId>13</siteNodeId><versionModifier>mattias</versionModifier></site-node-versions><site-node-versions site-node-version-id="48"><stateId>3</stateId><versionNumber>1</versionNumber><modifiedDateTime>2013-12-01T23:54:55.000+01:00</modifiedDateTime><versionComment>Before release</versionComment><isCheckedOut>false</isCheckedOut><isActive>true</isActive><isProtected>2</isProtected><disablePageCache>2</disablePageCache><disableEditOnSight>2</disableEditOnSight><disableLanguages>2</disableLanguages><contentType>text/html</contentType><siteNodeId>13</siteNodeId><versionModifier>mattias</versionModifier></site-node-versions><site-node-versions site-node-version-id="49"><stateId>0</stateId><versionNumber>1</versionNumber><modifiedDateTime>2013-12-01T23:28:54.000+01:00</modifiedDateTime><versionComment>Before release</versionComment><isCheckedOut>false</isCheckedOut><isActive>true</isActive><isProtected>2</isProtected><disablePageCache>2</disablePageCache><disableEditOnSight>2</disableEditOnSight><disableLanguages>2</disableLanguages><contentType>text/html</contentType><siteNodeId>14</siteNodeId><versionModifier>mattias</versionModifier></site-node-versions><site-node-versions site-node-version-id="50"><stateId>3</stateId><versionNumber>1</versionNumber><modifiedDateTime>2013-12-01T23:54:55.000+01:00</modifiedDateTime><versionComment>Before release</versionComment><isCheckedOut>false</isCheckedOut><isActive>true</isActive><isProtected>2</isProtected><disablePageCache>2</disablePageCache><disableEditOnSight>2</disableEditOnSight><disableLanguages>2</disableLanguages><contentType>text/html</contentType><siteNodeId>14</siteNodeId><versionModifier>mattias</versionModifier></site-node-versions><site-node-versions site-node-version-id="51"><stateId>0</stateId><versionNumber>1</versionNumber><modifiedDateTime>2013-12-04T16:27:16.000+01:00</modifiedDateTime><versionComment>New working version</versionComment><isCheckedOut>false</isCheckedOut><isActive>true</isActive><isProtected>2</isProtected><disablePageCache>2</disablePageCache><disableEditOnSight>2</disableEditOnSight><disableLanguages>2</disableLanguages><contentType>text/html</contentType><siteNodeId>14</siteNodeId><versionModifier>mattias</versionModifier></site-node-versions><site-node-versions site-node-version-id="52"><stateId>3</stateId><versionNumber>1</versionNumber><modifiedDateTime>2013-12-04T16:29:38.000+01:00</modifiedDateTime><versionComment>No comment</versionComment><isCheckedOut>false</isCheckedOut><isActive>true</isActive><isProtected>2</isProtected><disablePageCache>2</disablePageCache><disableEditOnSight>2</disableEditOnSight><disableLanguages>2</disableLanguages><contentType>text/html</contentType><siteNodeId>14</siteNodeId><versionModifier>mattias</versionModifier></site-node-versions><site-node-versions site-node-version-id="53"><stateId>0</stateId><versionNumber>1</versionNumber><modifiedDateTime>2013-11-20T22:05:37.000+01:00</modifiedDateTime><versionComment>Before release</versionComment><isCheckedOut>false</isCheckedOut><isActive>true</isActive><isProtected>2</isProtected><disablePageCache>2</disablePageCache><disableEditOnSight>2</disableEditOnSight><disableLanguages>2</disableLanguages><contentType>text/html</contentType><siteNodeId>15</siteNodeId><versionModifier>administrator</versionModifier></site-node-versions><site-node-versions site-node-version-id="54"><stateId>3</stateId><versionNumber>1</versionNumber><modifiedDateTime>2013-12-01T23:54:55.000+01:00</modifiedDateTime><versionComment>Before release</versionComment><isCheckedOut>false</isCheckedOut><isActive>true</isActive><isProtected>2</isProtected><disablePageCache>2</disablePageCache><disableEditOnSight>2</disableEditOnSight><disableLanguages>2</disableLanguages><contentType>text/html</contentType><siteNodeId>15</siteNodeId><versionModifier>mattias</versionModifier></site-node-versions><site-node-versions site-node-version-id="55"><stateId>0</stateId><versionNumber>1</versionNumber><modifiedDateTime>2013-12-01T23:47:47.000+01:00</modifiedDateTime><versionComment>Before release</versionComment><isCheckedOut>false</isCheckedOut><isActive>true</isActive><isProtected>2</isProtected><disablePageCache>2</disablePageCache><disableEditOnSight>2</disableEditOnSight><disableLanguages>2</disableLanguages><contentType>text/html</contentType><siteNodeId>16</siteNodeId><versionModifier>mattias</versionModifier></site-node-versions><site-node-versions site-node-version-id="56"><stateId>3</stateId><versionNumber>1</versionNumber><modifiedDateTime>2013-12-01T23:54:55.000+01:00</modifiedDateTime><versionComment>Before release</versionComment><isCheckedOut>false</isCheckedOut><isActive>true</isActive><isProtected>2</isProtected><disablePageCache>2</disablePageCache><disableEditOnSight>2</disableEditOnSight><disableLanguages>2</disableLanguages><contentType>text/html</contentType><siteNodeId>16</siteNodeId><versionModifier>mattias</versionModifier></site-node-versions><site-node-versions site-node-version-id="57"><stateId>0</stateId><versionNumber>1</versionNumber><modifiedDateTime>2013-12-01T23:47:20.000+01:00</modifiedDateTime><versionComment>Before release</versionComment><isCheckedOut>false</isCheckedOut><isActive>true</isActive><isProtected>2</isProtected><disablePageCache>2</disablePageCache><disableEditOnSight>2</disableEditOnSight><disableLanguages>2</disableLanguages><contentType>text/html</contentType><siteNodeId>17</siteNodeId><versionModifier>mattias</versionModifier></site-node-versions><site-node-versions site-node-version-id="58"><stateId>3</stateId><versionNumber>1</versionNumber><modifiedDateTime>2013-12-01T23:54:55.000+01:00</modifiedDateTime><versionComment>Before release</versionComment><isCheckedOut>false</isCheckedOut><isActive>true</isActive><isProtected>2</isProtected><disablePageCache>2</disablePageCache><disableEditOnSight>2</disableEditOnSight><disableLanguages>2</disableLanguages><contentType>text/html</contentType><siteNodeId>17</siteNodeId><versionModifier>mattias</versionModifier></site-node-versions><site-node-versions site-node-version-id="59"><stateId>0</stateId><versionNumber>1</versionNumber><modifiedDateTime>2013-12-01T23:48:13.000+01:00</modifiedDateTime><versionComment>Before release</versionComment><isCheckedOut>false</isCheckedOut><isActive>true</isActive><isProtected>2</isProtected><disablePageCache>2</disablePageCache><disableEditOnSight>2</disableEditOnSight><disableLanguages>2</disableLanguages><contentType>text/html</contentType><siteNodeId>18</siteNodeId><versionModifier>mattias</versionModifier></site-node-versions><site-node-versions site-node-version-id="60"><stateId>3</stateId><versionNumber>1</versionNumber><modifiedDateTime>2013-12-01T23:54:55.000+01:00</modifiedDateTime><versionComment>Before release</versionComment><isCheckedOut>false</isCheckedOut><isActive>true</isActive><isProtected>2</isProtected><disablePageCache>2</disablePageCache><disableEditOnSight>2</disableEditOnSight><disableLanguages>2</disableLanguages><contentType>text/html</contentType><siteNodeId>18</siteNodeId><versionModifier>mattias</versionModifier></site-node-versions><site-node-versions site-node-version-id="61"><stateId>0</stateId><versionNumber>1</versionNumber><modifiedDateTime>2013-11-20T22:05:37.000+01:00</modifiedDateTime><versionComment>Before release</versionComment><isCheckedOut>false</isCheckedOut><isActive>true</isActive><isProtected>2</isProtected><disablePageCache>2</disablePageCache><disableEditOnSight>2</disableEditOnSight><disableLanguages>2</disableLanguages><contentType>text/html</contentType><siteNodeId>19</siteNodeId><versionModifier>administrator</versionModifier></site-node-versions><site-node-versions site-node-version-id="62"><stateId>3</stateId><versionNumber>1</versionNumber><modifiedDateTime>2013-12-01T23:54:54.000+01:00</modifiedDateTime><versionComment>Before release</versionComment><isCheckedOut>false</isCheckedOut><isActive>true</isActive><isProtected>2</isProtected><disablePageCache>2</disablePageCache><disableEditOnSight>2</disableEditOnSight><disableLanguages>2</disableLanguages><contentType>text/html</contentType><siteNodeId>19</siteNodeId><versionModifier>mattias</versionModifier></site-node-versions><site-node-versions site-node-version-id="63"><stateId>0</stateId><versionNumber>1</versionNumber><modifiedDateTime>2013-12-01T23:48:37.000+01:00</modifiedDateTime><versionComment>Before release</versionComment><isCheckedOut>false</isCheckedOut><isActive>true</isActive><isProtected>2</isProtected><disablePageCache>2</disablePageCache><disableEditOnSight>2</disableEditOnSight><disableLanguages>2</disableLanguages><contentType>text/html</contentType><siteNodeId>20</siteNodeId><versionModifier>mattias</versionModifier></site-node-versions><site-node-versions site-node-version-id="64"><stateId>3</stateId><versionNumber>1</versionNumber><modifiedDateTime>2013-12-01T23:54:54.000+01:00</modifiedDateTime><versionComment>Before release</versionComment><isCheckedOut>false</isCheckedOut><isActive>true</isActive><isProtected>2</isProtected><disablePageCache>2</disablePageCache><disableEditOnSight>2</disableEditOnSight><disableLanguages>2</disableLanguages><contentType>text/html</contentType><siteNodeId>20</siteNodeId><versionModifier>mattias</versionModifier></site-node-versions><site-node-versions site-node-version-id="65"><stateId>0</stateId><versionNumber>1</versionNumber><modifiedDateTime>2013-12-01T23:49:12.000+01:00</modifiedDateTime><versionComment>Before release</versionComment><isCheckedOut>false</isCheckedOut><isActive>true</isActive><isProtected>2</isProtected><disablePageCache>2</disablePageCache><disableEditOnSight>2</disableEditOnSight><disableLanguages>2</disableLanguages><contentType>text/html</contentType><siteNodeId>21</siteNodeId><versionModifier>mattias</versionModifier></site-node-versions><site-node-versions site-node-version-id="66"><stateId>3</stateId><versionNumber>1</versionNumber><modifiedDateTime>2013-12-01T23:54:54.000+01:00</modifiedDateTime><versionComment>Before release</versionComment><isCheckedOut>false</isCheckedOut><isActive>true</isActive><isProtected>2</isProtected><disablePageCache>2</disablePageCache><disableEditOnSight>2</disableEditOnSight><disableLanguages>2</disableLanguages><contentType>text/html</contentType><siteNodeId>21</siteNodeId><versionModifier>mattias</versionModifier></site-node-versions><site-node-versions site-node-version-id="67"><stateId>3</stateId><versionNumber>1</versionNumber><modifiedDateTime>2011-06-20T00:53:40.000+02:00</modifiedDateTime><versionComment>No comment</versionComment><isCheckedOut>false</isCheckedOut><isActive>true</isActive><isProtected>2</isProtected><disablePageCache>2</disablePageCache><disableEditOnSight>2</disableEditOnSight><disableLanguages>2</disableLanguages><contentType>text/html</contentType><siteNodeId>22</siteNodeId><versionModifier>iona</versionModifier></site-node-versions><site-node-versions site-node-version-id="68"><stateId>0</stateId><versionNumber>1</versionNumber><modifiedDateTime>2013-12-01T23:28:36.000+01:00</modifiedDateTime><versionComment>Before release</versionComment><isCheckedOut>false</isCheckedOut><isActive>true</isActive><isProtected>2</isProtected><disablePageCache>2</disablePageCache><disableEditOnSight>2</disableEditOnSight><disableLanguages>2</disableLanguages><contentType>text/html</contentType><siteNodeId>22</siteNodeId><versionModifier>mattias</versionModifier></site-node-versions><site-node-versions site-node-version-id="69"><stateId>3</stateId><versionNumber>1</versionNumber><modifiedDateTime>2013-12-01T23:54:55.000+01:00</modifiedDateTime><versionComment>Before release</versionComment><isCheckedOut>false</isCheckedOut><isActive>true</isActive><isProtected>2</isProtected><disablePageCache>2</disablePageCache><disableEditOnSight>2</disableEditOnSight><disableLanguages>2</disableLanguages><contentType>text/html</contentType><siteNodeId>22</siteNodeId><versionModifier>mattias</versionModifier></site-node-versions><site-node-versions site-node-version-id="70"><stateId>0</stateId><versionNumber>1</versionNumber><modifiedDateTime>2013-12-01T23:42:49.000+01:00</modifiedDateTime><versionComment>Before release</versionComment><isCheckedOut>false</isCheckedOut><isActive>true</isActive><isProtected>2</isProtected><disablePageCache>2</disablePageCache><disableEditOnSight>2</disableEditOnSight><disableLanguages>2</disableLanguages><contentType>text/html</contentType><siteNodeId>23</siteNodeId><versionModifier>mattias</versionModifier></site-node-versions><site-node-versions site-node-version-id="71"><stateId>3</stateId><versionNumber>1</versionNumber><modifiedDateTime>2013-12-02T13:34:31.000+01:00</modifiedDateTime><versionComment>Before release</versionComment><isCheckedOut>false</isCheckedOut><isActive>true</isActive><isProtected>2</isProtected><disablePageCache>2</disablePageCache><disableEditOnSight>2</disableEditOnSight><disableLanguages>2</disableLanguages><contentType>text/html</contentType><siteNodeId>23</siteNodeId><versionModifier>mattias</versionModifier></site-node-versions><site-node-versions site-node-version-id="72"><stateId>0</stateId><versionNumber>1</versionNumber><modifiedDateTime>2013-12-02T13:43:35.000+01:00</modifiedDateTime><versionComment>d</versionComment><isCheckedOut>false</isCheckedOut><isActive>true</isActive><isProtected>2</isProtected><disablePageCache>2</disablePageCache><disableEditOnSight>2</disableEditOnSight><disableLanguages>2</disableLanguages><contentType>text/html</contentType><siteNodeId>23</siteNodeId><versionModifier>mattias</versionModifier></site-node-versions><site-node-versions site-node-version-id="73"><stateId>3</stateId><versionNumber>1</versionNumber><modifiedDateTime>2013-12-02T13:43:50.000+01:00</modifiedDateTime><versionComment>d</versionComment><isCheckedOut>false</isCheckedOut><isActive>true</isActive><isProtected>2</isProtected><disablePageCache>2</disablePageCache><disableEditOnSight>2</disableEditOnSight><disableLanguages>2</disableLanguages><contentType>text/html</contentType><siteNodeId>23</siteNodeId><versionModifier>mattias</versionModifier></site-node-versions><site-node-versions site-node-version-id="74"><stateId>0</stateId><versionNumber>1</versionNumber><modifiedDateTime>2013-12-01T23:43:09.000+01:00</modifiedDateTime><versionComment>Before release</versionComment><isCheckedOut>false</isCheckedOut><isActive>true</isActive><isProtected>2</isProtected><disablePageCache>2</disablePageCache><disableEditOnSight>2</disableEditOnSight><disableLanguages>2</disableLanguages><contentType>text/html</contentType><siteNodeId>24</siteNodeId><versionModifier>mattias</versionModifier></site-node-versions><site-node-versions site-node-version-id="75"><stateId>3</stateId><versionNumber>1</versionNumber><modifiedDateTime>2013-12-02T13:37:50.000+01:00</modifiedDateTime><versionComment>Before release</versionComment><isCheckedOut>false</isCheckedOut><isActive>true</isActive><isProtected>2</isProtected><disablePageCache>2</disablePageCache><disableEditOnSight>2</disableEditOnSight><disableLanguages>2</disableLanguages><contentType>text/html</contentType><siteNodeId>24</siteNodeId><versionModifier>mattias</versionModifier></site-node-versions><site-node-versions site-node-version-id="76"><stateId>0</stateId><versionNumber>1</versionNumber><modifiedDateTime>2013-12-02T13:37:50.000+01:00</modifiedDateTime><versionComment>Små mods</versionComment><isCheckedOut>false</isCheckedOut><isActive>true</isActive><isProtected>2</isProtected><disablePageCache>2</disablePageCache><disableEditOnSight>2</disableEditOnSight><disableLanguages>2</disableLanguages><contentType>text/html</contentType><siteNodeId>24</siteNodeId><versionModifier>mattias</versionModifier></site-node-versions><site-node-versions site-node-version-id="77"><stateId>3</stateId><versionNumber>1</versionNumber><modifiedDateTime>2013-12-02T23:48:34.000+01:00</modifiedDateTime><versionComment>Små mods</versionComment><isCheckedOut>false</isCheckedOut><isActive>true</isActive><isProtected>2</isProtected><disablePageCache>2</disablePageCache><disableEditOnSight>2</disableEditOnSight><disableLanguages>2</disableLanguages><contentType>text/html</contentType><siteNodeId>24</siteNodeId><versionModifier>mattias</versionModifier></site-node-versions><site-node-versions site-node-version-id="78"><stateId>0</stateId><versionNumber>1</versionNumber><modifiedDateTime>2013-12-01T23:43:32.000+01:00</modifiedDateTime><versionComment>Before release</versionComment><isCheckedOut>false</isCheckedOut><isActive>true</isActive><isProtected>2</isProtected><disablePageCache>2</disablePageCache><disableEditOnSight>2</disableEditOnSight><disableLanguages>2</disableLanguages><contentType>text/html</contentType><siteNodeId>25</siteNodeId><versionModifier>mattias</versionModifier></site-node-versions><site-node-versions site-node-version-id="79"><stateId>3</stateId><versionNumber>1</versionNumber><modifiedDateTime>2013-12-01T23:54:55.000+01:00</modifiedDateTime><versionComment>Before release</versionComment><isCheckedOut>false</isCheckedOut><isActive>true</isActive><isProtected>2</isProtected><disablePageCache>2</disablePageCache><disableEditOnSight>2</disableEditOnSight><disableLanguages>2</disableLanguages><contentType>text/html</contentType><siteNodeId>25</siteNodeId><versionModifier>mattias</versionModifier></site-node-versions><site-node-versions site-node-version-id="80"><stateId>0</stateId><versionNumber>1</versionNumber><modifiedDateTime>2013-11-30T23:28:55.000+01:00</modifiedDateTime><versionComment>Before release</versionComment><isCheckedOut>false</isCheckedOut><isActive>true</isActive><isProtected>2</isProtected><disablePageCache>2</disablePageCache><disableEditOnSight>2</disableEditOnSight><disableLanguages>2</disableLanguages><contentType>text/html</contentType><siteNodeId>26</siteNodeId><versionModifier>administrator</versionModifier></site-node-versions><site-node-versions site-node-version-id="81"><stateId>3</stateId><versionNumber>1</versionNumber><modifiedDateTime>2013-12-01T23:54:55.000+01:00</modifiedDateTime><versionComment>Before release</versionComment><isCheckedOut>false</isCheckedOut><isActive>true</isActive><isProtected>2</isProtected><disablePageCache>2</disablePageCache><disableEditOnSight>2</disableEditOnSight><disableLanguages>2</disableLanguages><contentType>text/html</contentType><siteNodeId>26</siteNodeId><versionModifier>mattias</versionModifier></site-node-versions><site-node-versions site-node-version-id="82"><stateId>0</stateId><versionNumber>1</versionNumber><modifiedDateTime>2013-11-20T22:05:37.000+01:00</modifiedDateTime><versionComment>Before release</versionComment><isCheckedOut>false</isCheckedOut><isActive>true</isActive><isProtected>2</isProtected><disablePageCache>2</disablePageCache><disableEditOnSight>2</disableEditOnSight><disableLanguages>2</disableLanguages><contentType>text/html</contentType><siteNodeId>27</siteNodeId><versionModifier>administrator</versionModifier></site-node-versions><site-node-versions site-node-version-id="83"><stateId>3</stateId><versionNumber>1</versionNumber><modifiedDateTime>2013-12-01T23:54:55.000+01:00</modifiedDateTime><versionComment>Before release</versionComment><isCheckedOut>false</isCheckedOut><isActive>true</isActive><isProtected>2</isProtected><disablePageCache>2</disablePageCache><disableEditOnSight>2</disableEditOnSight><disableLanguages>2</disableLanguages><contentType>text/html</contentType><siteNodeId>27</siteNodeId><versionModifier>mattias</versionModifier></site-node-versions><site-node-versions site-node-version-id="84"><stateId>0</stateId><versionNumber>1</versionNumber><modifiedDateTime>2013-11-20T22:05:37.000+01:00</modifiedDateTime><versionComment>Before release</versionComment><isCheckedOut>false</isCheckedOut><isActive>true</isActive><isProtected>2</isProtected><disablePageCache>2</disablePageCache><disableEditOnSight>2</disableEditOnSight><disableLanguages>2</disableLanguages><contentType>text/html</contentType><siteNodeId>28</siteNodeId><versionModifier>administrator</versionModifier></site-node-versions><site-node-versions site-node-version-id="85"><stateId>3</stateId><versionNumber>1</versionNumber><modifiedDateTime>2013-12-01T23:54:55.000+01:00</modifiedDateTime><versionComment>Before release</versionComment><isCheckedOut>false</isCheckedOut><isActive>true</isActive><isProtected>2</isProtected><disablePageCache>2</disablePageCache><disableEditOnSight>2</disableEditOnSight><disableLanguages>2</disableLanguages><contentType>text/html</contentType><siteNodeId>28</siteNodeId><versionModifier>mattias</versionModifier></site-node-versions><site-node-versions site-node-version-id="86"><stateId>0</stateId><versionNumber>1</versionNumber><modifiedDateTime>2013-11-20T22:05:37.000+01:00</modifiedDateTime><versionComment>Before release</versionComment><isCheckedOut>false</isCheckedOut><isActive>true</isActive><isProtected>2</isProtected><disablePageCache>2</disablePageCache><disableEditOnSight>2</disableEditOnSight><disableLanguages>2</disableLanguages><contentType>text/html</contentType><siteNodeId>29</siteNodeId><versionModifier>administrator</versionModifier></site-node-versions><site-node-versions site-node-version-id="87"><stateId>3</stateId><versionNumber>1</versionNumber><modifiedDateTime>2013-12-01T23:54:55.000+01:00</modifiedDateTime><versionComment>Before release</versionComment><isCheckedOut>false</isCheckedOut><isActive>true</isActive><isProtected>2</isProtected><disablePageCache>2</disablePageCache><disableEditOnSight>2</disableEditOnSight><disableLanguages>2</disableLanguages><contentType>text/html</contentType><siteNodeId>29</siteNodeId><versionModifier>mattias</versionModifier></site-node-versions><site-node-versions site-node-version-id="88"><stateId>0</stateId><versionNumber>1</versionNumber><modifiedDateTime>2013-11-20T22:05:37.000+01:00</modifiedDateTime><versionComment>Before release</versionComment><isCheckedOut>false</isCheckedOut><isActive>true</isActive><isProtected>2</isProtected><disablePageCache>2</disablePageCache><disableEditOnSight>2</disableEditOnSight><disableLanguages>2</disableLanguages><contentType>text/html</contentType><siteNodeId>30</siteNodeId><versionModifier>administrator</versionModifier></site-node-versions><site-node-versions site-node-version-id="89"><stateId>3</stateId><versionNumber>1</versionNumber><modifiedDateTime>2013-12-01T23:54:55.000+01:00</modifiedDateTime><versionComment>Before release</versionComment><isCheckedOut>false</isCheckedOut><isActive>true</isActive><isProtected>2</isProtected><disablePageCache>2</disablePageCache><disableEditOnSight>2</disableEditOnSight><disableLanguages>2</disableLanguages><contentType>text/html</contentType><siteNodeId>30</siteNodeId><versionModifier>mattias</versionModifier></site-node-versions><site-node-versions site-node-version-id="90"><stateId>0</stateId><versionNumber>1</versionNumber><modifiedDateTime>2013-11-20T22:05:37.000+01:00</modifiedDateTime><versionComment>Before release</versionComment><isCheckedOut>false</isCheckedOut><isActive>true</isActive><isProtected>2</isProtected><disablePageCache>2</disablePageCache><disableEditOnSight>2</disableEditOnSight><disableLanguages>2</disableLanguages><contentType>text/html</contentType><siteNodeId>31</siteNodeId><versionModifier>administrator</versionModifier></site-node-versions><site-node-versions site-node-version-id="91"><stateId>3</stateId><versionNumber>1</versionNumber><modifiedDateTime>2013-12-01T23:54:55.000+01:00</modifiedDateTime><versionComment>Before release</versionComment><isCheckedOut>false</isCheckedOut><isActive>true</isActive><isProtected>2</isProtected><disablePageCache>2</disablePageCache><disableEditOnSight>2</disableEditOnSight><disableLanguages>2</disableLanguages><contentType>text/html</contentType><siteNodeId>31</siteNodeId><versionModifier>mattias</versionModifier></site-node-versions><site-node-versions site-node-version-id="92"><stateId>0</stateId><versionNumber>1</versionNumber><modifiedDateTime>2013-12-03T22:54:52.000+01:00</modifiedDateTime><versionComment>Initial version</versionComment><isCheckedOut>false</isCheckedOut><isActive>true</isActive><isProtected>2</isProtected><disablePageCache>1</disablePageCache><disableEditOnSight>2</disableEditOnSight><disableLanguages>2</disableLanguages><contentType>text/html</contentType><siteNodeId>32</siteNodeId><versionModifier>stenbacka@gmail.com</versionModifier></site-node-versions><site-node-versions site-node-version-id="93"><stateId>3</stateId><versionNumber>1</versionNumber><modifiedDateTime>2013-12-05T11:17:41.000+01:00</modifiedDateTime><versionComment>No comment</versionComment><isCheckedOut>false</isCheckedOut><isActive>true</isActive><isProtected>2</isProtected><disablePageCache>1</disablePageCache><disableEditOnSight>2</disableEditOnSight><disableLanguages>2</disableLanguages><contentType>text/html</contentType><siteNodeId>32</siteNodeId><versionModifier>stenbacka@gmail.com</versionModifier></site-node-versions></InfoGlueExport>