<?xml version="1.0" encoding="UTF-8"?>
<InfoGlueExport><site-nodes xmlns:xsi="http://www.w3.org/2001/XMLSchema-instance" site-node-id="33" xsi:type="small-site-node-impl"><name>infoglue 3 components</name><publishDateTime>2013-07-28T02:11:34.000+02:00</publishDateTime><expireDateTime>2063-07-28T02:11:34.000+02:00</expireDateTime><isBranch>true</isBranch><metaInfoContentId>356</metaInfoContentId><creator>mattias</creator><siteNodeTypeDefinitionId>3</siteNodeTypeDefinitionId><repositoryId>3</repositoryId></site-nodes><site-nodes xmlns:xsi="http://www.w3.org/2001/XMLSchema-instance" site-node-id="34" xsi:type="small-site-node-impl"><name>CSS pages</name><publishDateTime>2013-07-28T10:57:00.000+02:00</publishDateTime><expireDateTime>2063-07-28T10:57:00.000+02:00</expireDateTime><isBranch>true</isBranch><metaInfoContentId>363</metaInfoContentId><parentSiteNodeId>33</parentSiteNodeId><creator>mattias</creator><siteNodeTypeDefinitionId>3</siteNodeTypeDefinitionId><repositoryId>3</repositoryId></site-nodes><site-nodes xmlns:xsi="http://www.w3.org/2001/XMLSchema-instance" site-node-id="35" xsi:type="small-site-node-impl"><name>Standard Theme CSS Page</name><publishDateTime>2013-07-28T10:57:00.000+02:00</publishDateTime><expireDateTime>2063-07-28T10:57:00.000+02:00</expireDateTime><isBranch>true</isBranch><metaInfoContentId>362</metaInfoContentId><parentSiteNodeId>34</parentSiteNodeId><creator>administrator</creator><siteNodeTypeDefinitionId>3</siteNodeTypeDefinitionId><repositoryId>3</repositoryId></site-nodes></InfoGlueExport>