<?xml version="1.0" encoding="UTF-8"?>
<InfoGlueExport><site-nodes xmlns:xsi="http://www.w3.org/2001/XMLSchema-instance" site-node-id="1" xsi:type="small-site-node-impl"><name>www.infoglue3.com</name><publishDateTime>2013-07-28T10:49:19.000+02:00</publishDateTime><expireDateTime>2063-07-28T10:49:19.000+02:00</expireDateTime><isBranch>true</isBranch><metaInfoContentId>3</metaInfoContentId><creator>mattias</creator><siteNodeTypeDefinitionId>3</siteNodeTypeDefinitionId><repositoryId>2</repositoryId></site-nodes><site-nodes xmlns:xsi="http://www.w3.org/2001/XMLSchema-instance" site-node-id="2" xsi:type="small-site-node-impl"><name>Support</name><publishDateTime>2013-07-28T19:51:00.000+02:00</publishDateTime><expireDateTime>2063-07-28T19:51:00.000+02:00</expireDateTime><isBranch>true</isBranch><metaInfoContentId>5</metaInfoContentId><parentSiteNodeId>1</parentSiteNodeId><creator>mattias</creator><siteNodeTypeDefinitionId>3</siteNodeTypeDefinitionId><repositoryId>2</repositoryId></site-nodes><site-nodes xmlns:xsi="http://www.w3.org/2001/XMLSchema-instance" site-node-id="3" xsi:type="small-site-node-impl"><name>Enterprise support</name><publishDateTime>2013-07-28T21:26:00.000+02:00</publishDateTime><expireDateTime>2063-07-28T21:26:00.000+02:00</expireDateTime><isBranch>true</isBranch><metaInfoContentId>12</metaInfoContentId><parentSiteNodeId>2</parentSiteNodeId><creator>mattias</creator><siteNodeTypeDefinitionId>3</siteNodeTypeDefinitionId><repositoryId>2</repositoryId></site-nodes><site-nodes xmlns:xsi="http://www.w3.org/2001/XMLSchema-instance" site-node-id="4" xsi:type="small-site-node-impl"><name>Partners</name><publishDateTime>2013-07-28T19:54:00.000+02:00</publishDateTime><expireDateTime>2063-07-28T19:54:00.000+02:00</expireDateTime><isBranch>true</isBranch><metaInfoContentId>7</metaInfoContentId><parentSiteNodeId>2</parentSiteNodeId><creator>mattias</creator><siteNodeTypeDefinitionId>3</siteNodeTypeDefinitionId><repositoryId>2</repositoryId></site-nodes><site-nodes xmlns:xsi="http://www.w3.org/2001/XMLSchema-instance" site-node-id="5" xsi:type="small-site-node-impl"><name>Community</name><publishDateTime>2013-07-28T19:52:00.000+02:00</publishDateTime><expireDateTime>2063-07-28T19:52:00.000+02:00</expireDateTime><isBranch>true</isBranch><metaInfoContentId>6</metaInfoContentId><parentSiteNodeId>1</parentSiteNodeId><creator>mattias</creator><siteNodeTypeDefinitionId>3</siteNodeTypeDefinitionId><repositoryId>2</repositoryId></site-nodes><site-nodes xmlns:xsi="http://www.w3.org/2001/XMLSchema-instance" site-node-id="6" xsi:type="small-site-node-impl"><name>Forum</name><publishDateTime>2013-07-28T21:26:00.000+02:00</publishDateTime><expireDateTime>2063-07-28T21:26:00.000+02:00</expireDateTime><isBranch>true</isBranch><metaInfoContentId>11</metaInfoContentId><parentSiteNodeId>5</parentSiteNodeId><creator>mattias</creator><siteNodeTypeDefinitionId>3</siteNodeTypeDefinitionId><repositoryId>2</repositoryId></site-nodes><site-nodes xmlns:xsi="http://www.w3.org/2001/XMLSchema-instance" site-node-id="7" xsi:type="small-site-node-impl"><name>Forum (direct link)</name><publishDateTime>2013-12-08T22:47:00.000+01:00</publishDateTime><expireDateTime>2063-12-08T22:47:00.000+01:00</expireDateTime><isBranch>true</isBranch><metaInfoContentId>60</metaInfoContentId><parentSiteNodeId>6</parentSiteNodeId><creator>stenbacka@gmail.com</creator><siteNodeTypeDefinitionId>1</siteNodeTypeDefinitionId><repositoryId>2</repositoryId></site-nodes><site-nodes xmlns:xsi="http://www.w3.org/2001/XMLSchema-instance" site-node-id="8" xsi:type="small-site-node-impl"><name>Jira</name><publishDateTime>2011-07-13T10:29:00.000+02:00</publishDateTime><expireDateTime>2061-07-13T10:29:00.000+02:00</expireDateTime><isBranch>true</isBranch><metaInfoContentId>48</metaInfoContentId><parentSiteNodeId>5</parentSiteNodeId><creator>iona</creator><siteNodeTypeDefinitionId>1</siteNodeTypeDefinitionId><repositoryId>2</repositoryId></site-nodes><site-nodes xmlns:xsi="http://www.w3.org/2001/XMLSchema-instance" site-node-id="9" xsi:type="small-site-node-impl"><name>Github</name><publishDateTime>2011-07-13T11:01:00.000+02:00</publishDateTime><expireDateTime>2061-07-13T11:01:00.000+02:00</expireDateTime><isBranch>true</isBranch><metaInfoContentId>46</metaInfoContentId><parentSiteNodeId>5</parentSiteNodeId><creator>iona</creator><siteNodeTypeDefinitionId>1</siteNodeTypeDefinitionId><repositoryId>2</repositoryId></site-nodes><site-nodes xmlns:xsi="http://www.w3.org/2001/XMLSchema-instance" site-node-id="10" xsi:type="small-site-node-impl"><name>Roadmap</name><publishDateTime>2013-11-17T20:54:00.000+01:00</publishDateTime><expireDateTime>2063-11-17T20:54:00.000+01:00</expireDateTime><isBranch>true</isBranch><metaInfoContentId>41</metaInfoContentId><parentSiteNodeId>5</parentSiteNodeId><creator>administrator</creator><siteNodeTypeDefinitionId>1</siteNodeTypeDefinitionId><repositoryId>2</repositoryId></site-nodes><site-nodes xmlns:xsi="http://www.w3.org/2001/XMLSchema-instance" site-node-id="11" xsi:type="small-site-node-impl"><name>Team</name><publishDateTime>2013-11-17T20:55:00.000+01:00</publishDateTime><expireDateTime>2063-11-17T20:55:00.000+01:00</expireDateTime><isBranch>true</isBranch><metaInfoContentId>42</metaInfoContentId><parentSiteNodeId>5</parentSiteNodeId><creator>administrator</creator><siteNodeTypeDefinitionId>1</siteNodeTypeDefinitionId><repositoryId>2</repositoryId></site-nodes><site-nodes xmlns:xsi="http://www.w3.org/2001/XMLSchema-instance" site-node-id="12" xsi:type="small-site-node-impl"><name>Showroom</name><publishDateTime>2013-07-28T19:54:00.000+02:00</publishDateTime><expireDateTime>2063-07-28T19:54:00.000+02:00</expireDateTime><isBranch>true</isBranch><metaInfoContentId>8</metaInfoContentId><parentSiteNodeId>1</parentSiteNodeId><creator>mattias</creator><siteNodeTypeDefinitionId>3</siteNodeTypeDefinitionId><repositoryId>2</repositoryId></site-nodes><site-nodes xmlns:xsi="http://www.w3.org/2001/XMLSchema-instance" site-node-id="13" xsi:type="small-site-node-impl"><name>Get started</name><publishDateTime>2013-07-28T19:55:00.000+02:00</publishDateTime><expireDateTime>2063-07-28T19:55:00.000+02:00</expireDateTime><isBranch>true</isBranch><metaInfoContentId>9</metaInfoContentId><parentSiteNodeId>1</parentSiteNodeId><creator>administrator</creator><siteNodeTypeDefinitionId>3</siteNodeTypeDefinitionId><repositoryId>2</repositoryId></site-nodes><site-nodes xmlns:xsi="http://www.w3.org/2001/XMLSchema-instance" site-node-id="14" xsi:type="small-site-node-impl"><name>Documentation</name><publishDateTime>2013-08-01T18:36:00.000+02:00</publishDateTime><expireDateTime>2063-08-01T18:36:00.000+02:00</expireDateTime><isBranch>true</isBranch><metaInfoContentId>18</metaInfoContentId><parentSiteNodeId>13</parentSiteNodeId><creator>mattias</creator><siteNodeTypeDefinitionId>3</siteNodeTypeDefinitionId><repositoryId>2</repositoryId></site-nodes><site-nodes xmlns:xsi="http://www.w3.org/2001/XMLSchema-instance" site-node-id="15" xsi:type="small-site-node-impl"><name>Javadoc API</name><publishDateTime>2008-01-02T13:08:00.000+01:00</publishDateTime><expireDateTime>2058-01-02T13:08:00.000+01:00</expireDateTime><isBranch>true</isBranch><metaInfoContentId>36</metaInfoContentId><parentSiteNodeId>14</parentSiteNodeId><creator>mattias</creator><siteNodeTypeDefinitionId>1</siteNodeTypeDefinitionId><repositoryId>2</repositoryId></site-nodes><site-nodes xmlns:xsi="http://www.w3.org/2001/XMLSchema-instance" site-node-id="16" xsi:type="small-site-node-impl"><name>Development manual</name><publishDateTime>2013-08-01T18:27:00.000+02:00</publishDateTime><expireDateTime>2063-08-01T18:27:00.000+02:00</expireDateTime><isBranch>true</isBranch><metaInfoContentId>17</metaInfoContentId><parentSiteNodeId>14</parentSiteNodeId><creator>mattias</creator><siteNodeTypeDefinitionId>3</siteNodeTypeDefinitionId><repositoryId>2</repositoryId></site-nodes><site-nodes xmlns:xsi="http://www.w3.org/2001/XMLSchema-instance" site-node-id="17" xsi:type="small-site-node-impl"><name>Administration manual</name><publishDateTime>2013-08-01T18:37:00.000+02:00</publishDateTime><expireDateTime>2063-08-01T18:37:00.000+02:00</expireDateTime><isBranch>true</isBranch><metaInfoContentId>20</metaInfoContentId><parentSiteNodeId>14</parentSiteNodeId><creator>mattias</creator><siteNodeTypeDefinitionId>3</siteNodeTypeDefinitionId><repositoryId>2</repositoryId></site-nodes><site-nodes xmlns:xsi="http://www.w3.org/2001/XMLSchema-instance" site-node-id="18" xsi:type="small-site-node-impl"><name>Installation manual</name><publishDateTime>2013-11-04T15:04:00.000+01:00</publishDateTime><expireDateTime>2063-11-04T15:04:00.000+01:00</expireDateTime><isBranch>true</isBranch><metaInfoContentId>21</metaInfoContentId><parentSiteNodeId>14</parentSiteNodeId><creator>administrator</creator><siteNodeTypeDefinitionId>1</siteNodeTypeDefinitionId><repositoryId>2</repositoryId></site-nodes><site-nodes xmlns:xsi="http://www.w3.org/2001/XMLSchema-instance" site-node-id="19" xsi:type="small-site-node-impl"><name>Extending Infoglue</name><publishDateTime>2013-11-04T15:07:00.000+01:00</publishDateTime><expireDateTime>2063-11-04T15:07:00.000+01:00</expireDateTime><isBranch>true</isBranch><metaInfoContentId>22</metaInfoContentId><parentSiteNodeId>14</parentSiteNodeId><creator>administrator</creator><siteNodeTypeDefinitionId>1</siteNodeTypeDefinitionId><repositoryId>2</repositoryId></site-nodes><site-nodes xmlns:xsi="http://www.w3.org/2001/XMLSchema-instance" site-node-id="20" xsi:type="small-site-node-impl"><name>Usage configuration</name><publishDateTime>2013-11-04T15:08:00.000+01:00</publishDateTime><expireDateTime>2063-11-04T15:08:00.000+01:00</expireDateTime><isBranch>true</isBranch><metaInfoContentId>23</metaInfoContentId><parentSiteNodeId>14</parentSiteNodeId><creator>administrator</creator><siteNodeTypeDefinitionId>1</siteNodeTypeDefinitionId><repositoryId>2</repositoryId></site-nodes><site-nodes xmlns:xsi="http://www.w3.org/2001/XMLSchema-instance" site-node-id="21" xsi:type="small-site-node-impl"><name>User manual</name><publishDateTime>2013-11-04T15:08:00.000+01:00</publishDateTime><expireDateTime>2063-11-04T15:08:00.000+01:00</expireDateTime><isBranch>true</isBranch><metaInfoContentId>24</metaInfoContentId><parentSiteNodeId>14</parentSiteNodeId><creator>administrator</creator><siteNodeTypeDefinitionId>1</siteNodeTypeDefinitionId><repositoryId>2</repositoryId></site-nodes><site-nodes xmlns:xsi="http://www.w3.org/2001/XMLSchema-instance" site-node-id="22" xsi:type="small-site-node-impl"><name>Demo</name><publishDateTime>2011-06-20T00:46:00.000+02:00</publishDateTime><expireDateTime>2061-06-20T00:46:00.000+02:00</expireDateTime><isBranch>true</isBranch><metaInfoContentId>39</metaInfoContentId><parentSiteNodeId>13</parentSiteNodeId><creator>iona</creator><siteNodeTypeDefinitionId>1</siteNodeTypeDefinitionId><repositoryId>2</repositoryId></site-nodes><site-nodes xmlns:xsi="http://www.w3.org/2001/XMLSchema-instance" site-node-id="23" xsi:type="small-site-node-impl"><name>Features</name><publishDateTime>2013-11-17T20:48:00.000+01:00</publishDateTime><expireDateTime>2063-11-17T20:48:00.000+01:00</expireDateTime><isBranch>true</isBranch><metaInfoContentId>32</metaInfoContentId><parentSiteNodeId>13</parentSiteNodeId><creator>administrator</creator><siteNodeTypeDefinitionId>1</siteNodeTypeDefinitionId><repositoryId>2</repositoryId></site-nodes><site-nodes xmlns:xsi="http://www.w3.org/2001/XMLSchema-instance" site-node-id="24" xsi:type="small-site-node-impl"><name>License</name><publishDateTime>2013-11-17T20:51:00.000+01:00</publishDateTime><expireDateTime>2063-11-17T20:51:00.000+01:00</expireDateTime><isBranch>true</isBranch><metaInfoContentId>33</metaInfoContentId><parentSiteNodeId>13</parentSiteNodeId><creator>administrator</creator><siteNodeTypeDefinitionId>1</siteNodeTypeDefinitionId><repositoryId>2</repositoryId></site-nodes><site-nodes xmlns:xsi="http://www.w3.org/2001/XMLSchema-instance" site-node-id="25" xsi:type="small-site-node-impl"><name>Technical overview</name><publishDateTime>2013-11-17T20:59:00.000+01:00</publishDateTime><expireDateTime>2063-11-17T20:59:00.000+01:00</expireDateTime><isBranch>true</isBranch><metaInfoContentId>34</metaInfoContentId><parentSiteNodeId>13</parentSiteNodeId><creator>administrator</creator><siteNodeTypeDefinitionId>1</siteNodeTypeDefinitionId><repositoryId>2</repositoryId></site-nodes><site-nodes xmlns:xsi="http://www.w3.org/2001/XMLSchema-instance" site-node-id="26" xsi:type="small-site-node-impl"><name>Downloads</name><publishDateTime>2013-11-04T16:13:00.000+01:00</publishDateTime><expireDateTime>2063-11-04T16:13:00.000+01:00</expireDateTime><isBranch>true</isBranch><metaInfoContentId>25</metaInfoContentId><parentSiteNodeId>1</parentSiteNodeId><creator>administrator</creator><siteNodeTypeDefinitionId>1</siteNodeTypeDefinitionId><repositoryId>2</repositoryId></site-nodes><site-nodes xmlns:xsi="http://www.w3.org/2001/XMLSchema-instance" site-node-id="27" xsi:type="small-site-node-impl"><name>Extensions</name><publishDateTime>2013-11-07T16:54:00.000+01:00</publishDateTime><expireDateTime>2063-11-07T16:54:00.000+01:00</expireDateTime><isBranch>true</isBranch><metaInfoContentId>29</metaInfoContentId><parentSiteNodeId>1</parentSiteNodeId><creator>administrator</creator><siteNodeTypeDefinitionId>1</siteNodeTypeDefinitionId><repositoryId>2</repositoryId></site-nodes><site-nodes xmlns:xsi="http://www.w3.org/2001/XMLSchema-instance" site-node-id="28" xsi:type="small-site-node-impl"><name>Infoglue Calendar</name><publishDateTime>2013-11-04T13:09:00.000+01:00</publishDateTime><expireDateTime>2063-11-04T13:09:00.000+01:00</expireDateTime><isBranch>true</isBranch><metaInfoContentId>26</metaInfoContentId><parentSiteNodeId>27</parentSiteNodeId><creator>administrator</creator><siteNodeTypeDefinitionId>1</siteNodeTypeDefinitionId><repositoryId>2</repositoryId></site-nodes><site-nodes xmlns:xsi="http://www.w3.org/2001/XMLSchema-instance" site-node-id="29" xsi:type="small-site-node-impl"><name>Installation manual</name><publishDateTime>2013-11-19T08:44:00.000+01:00</publishDateTime><expireDateTime>2063-11-19T08:44:00.000+01:00</expireDateTime><isBranch>true</isBranch><metaInfoContentId>52</metaInfoContentId><parentSiteNodeId>28</parentSiteNodeId><creator>administrator</creator><siteNodeTypeDefinitionId>1</siteNodeTypeDefinitionId><repositoryId>2</repositoryId></site-nodes><site-nodes xmlns:xsi="http://www.w3.org/2001/XMLSchema-instance" site-node-id="30" xsi:type="small-site-node-impl"><name>Infoglue IDE</name><publishDateTime>2013-11-04T13:09:00.000+01:00</publishDateTime><expireDateTime>2063-11-04T13:09:00.000+01:00</expireDateTime><isBranch>true</isBranch><metaInfoContentId>27</metaInfoContentId><parentSiteNodeId>27</parentSiteNodeId><creator>administrator</creator><siteNodeTypeDefinitionId>1</siteNodeTypeDefinitionId><repositoryId>2</repositoryId></site-nodes><site-nodes xmlns:xsi="http://www.w3.org/2001/XMLSchema-instance" site-node-id="31" xsi:type="small-site-node-impl"><name>Usage</name><publishDateTime>2013-11-19T08:45:00.000+01:00</publishDateTime><expireDateTime>2063-11-19T08:45:00.000+01:00</expireDateTime><isBranch>true</isBranch><metaInfoContentId>54</metaInfoContentId><parentSiteNodeId>30</parentSiteNodeId><creator>administrator</creator><siteNodeTypeDefinitionId>1</siteNodeTypeDefinitionId><repositoryId>2</repositoryId></site-nodes><site-nodes xmlns:xsi="http://www.w3.org/2001/XMLSchema-instance" site-node-id="32" xsi:type="small-site-node-impl"><name>Help</name><publishDateTime>2013-12-03T21:51:00.000+01:00</publishDateTime><expireDateTime>2063-12-03T21:51:00.000+01:00</expireDateTime><isBranch>true</isBranch><metaInfoContentId>38</metaInfoContentId><parentSiteNodeId>1</parentSiteNodeId><creator>stenbacka@gmail.com</creator><siteNodeTypeDefinitionId>1</siteNodeTypeDefinitionId><repositoryId>2</repositoryId></site-nodes></InfoGlueExport>